<?xml version="1.0" encoding="UTF-8"?>

<!DOCTYPE hibernate-configuration PUBLIC
        "-//Hibernate/Hibernate Configuration DTD 3.0//EN"
        "http://www.hibernate.org/dtd/hibernate-configuration-3.0.dtd">
        
 <hibernate-configuration>
 	<session-factory>
 	
 	<!-- JDBC -->
		<property name="hibernate.connection.username">postgres</property>
		<property name="hibernate.connection.password">password</property>
		<property name="hibernate.connection.url">jdbc:postgresql://projdb.cbwacvu5rhbu.us-east-1.rds.amazonaws.com:5432/postgres?currentSchema=codalz</property>
		<property name="hibernate.connection.driver_class">org.postgresql.Driver</property>
	<!-- Hibernate Properties -->
		<property name="hibernate.dialect">org.hibernate.dialect.PostgreSQLDialect</property>
		<property name="hibernate.default_schema">codalz</property>
	<!-- Hibernate console output -->
		<property name="hibernate.show_sql">true</property>
		<property name="hibernate.format_sql">true</property>
	<!-- DDL -->
		<property name="hibernate.hbm2ddl.auto">update</property>
	<!-- Anyone remember what setting our hbm2ddl.auto to create will do? -->
	<!-- This means that whenever your application runs, it wipes your DB and creates all the table -->
	<!-- THIS WILL ALSO WIPE ALL THE DATA IN YOUR DATABASE TABLES. The database vaporizer -->
		
		<!-- We will map our classes here -->
		<mapping class="com.revature.models.Leaderboard"/>
		<mapping class="com.revature.models.MixedLetters"/>
		<mapping class="com.revature.models.User"/>
		<mapping class="com.revature.models.Words"/>
 	
 	</session-factory>
 </hibernate-configuration>
 